<application>
  <component name="EditorSettings">
    <option name="STRIP_TRAILING_SPACES" value="Whole" />
    <option name="IS_ENSURE_NEWLINE_AT_EOF" value="true" />
    <option name="ENABLE_RENDERED_DOC" value="true" />
    <option name="IS_WHITESPACES_SHOWN" value="true" />
  </component>
  <component name="InlayHintsSettings">
    <option name="disabledHintProviderIds">
      <set>
        <option value="JavaScript.js.chain.hints" />
      </set>
    </option>
    <option name="lastViewedProviderKeyId" value="js.type.hints" />
    <settingsMapElement>
      <JavaScript.js.type.hints>
        <Settings>
          <option name="showForInferredParameters" value="false" />
        </Settings>
      </JavaScript.js.type.hints>
    </settingsMapElement>
  </component>
</application>