<application>
  <component name="NodeJsLocalInterpreterManager">
    <local-interpreter path="/opt/homebrew/bin/node">
      <version-cache version="18.9.0" last-modified="1662910211110" />
    </local-interpreter>
    <local-interpreter path="$USER_HOME$/.nvm/versions/node/v16.14.0/bin/node">
      <version-cache version="16.14.0" last-modified="1644324317000" />
    </local-interpreter>
    <local-interpreter path="$USER_HOME$/.nvm/versions/node/v15.14.0/bin/node">
      <version-cache version="15.14.0" last-modified="1617725158000" />
    </local-interpreter>
    <local-interpreter path="$USER_HOME$/.nvm/versions/node/v14.20.0/bin/node">
      <version-cache version="14.20.0" last-modified="1657168223000" />
    </local-interpreter>
  </component>
</application>